,precision,recall,f1-score,support
0,0.7591769932195465,0.6942484498610221,0.72526245253518,4677.0
1,0.6559778305621536,0.6976842105263158,0.6761885329524586,2375.0
2,0.713708373747171,0.7436415698164056,0.7283675657840468,5937.0
accuracy,0.7174532296558627,0.7174532296558627,0.7174532296558627,0.7174532296558627
macro avg,0.709621065842957,0.7118580767345811,0.7099395170905618,12989.0
weighted avg,0.7195245792447369,0.7174532296558627,0.7177087146299955,12989.0
