,precision,recall,f1-score,support
0,0.7046684031256262,0.7519777635236262,0.7275548200248242,4677.0
1,0.6178660049627791,0.7338947368421053,0.6709006928406467,2375.0
2,0.7459918871933552,0.650496883948122,0.694979305380601,5937.0
accuracy,0.7022865501578258,0.7022865501578258,0.7022865501578258,0.7022865501578258
macro avg,0.6895087650939202,0.712123128104618,0.697811606082024,12989.0
weighted avg,0.7076849424491573,0.7022865501578258,0.702306195611461,12989.0
