,precision,recall,f1-score,support
0,0.9372110002433682,0.9695367573011078,0.9530998638782329,3972.0
1,0.9459338695263628,0.8913684210526316,0.9178408844569694,2375.0
accuracy,0.9402867496455019,0.9402867496455019,0.9402867496455019,0.9402867496455019
macro avg,0.9415724348848655,0.9304525891768697,0.9354703741676011,6347.0
weighted avg,0.940475032785847,0.9402867496455019,0.9399062170962097,6347.0
