,precision,recall,f1-score,support
0,0.7142297138377107,0.7791319221723327,0.7452704775539422,4677.0
1,0.617056856187291,0.7768421052631579,0.6877912395153775,2375.0
2,0.7553604247498469,0.6230419403739262,0.6828502861362378,5937.0
accuracy,0.7073677727307722,0.7073677727307722,0.7073677727307722,0.7073677727307722
macro avg,0.6955489982582829,0.7263386559364724,0.7053040010685191,12989.0
weighted avg,0.7152619329281414,0.7073677727307722,0.7062296070644124,12989.0
