,precision,recall,f1-score,support
0,0.9591836734693877,0.9584592145015106,0.9588213071401587,3972.0
1,0.9306139613120269,0.9317894736842105,0.9312013465179887,2375.0
accuracy,0.9484795966598393,0.9484795966598393,0.9484795966598393,0.9484795966598393
macro avg,0.9448988173907074,0.9451243440928605,0.9450113268290736,6347.0
weighted avg,0.9484931005414325,0.9484795966598393,0.9484861241438369,6347.0
