,precision,recall,f1-score,support
0,0.9596252509480259,0.9198203976908275,0.9393013100436681,4677.0
1,0.8540288049824835,0.9237894736842105,0.8875404530744336,2375.0
accuracy,0.9211571185479297,0.9211571185479297,0.9211571185479297,0.9211571185479297
macro avg,0.9068270279652546,0.921804935687519,0.9134208815590509,7052.0
weighted avg,0.9240620689899766,0.9211571185479297,0.9218690872271719,7052.0
