,precision,recall,f1-score,support
0,0.9479638009049773,0.9493957703927492,0.9486792452830187,3972.0
1,0.9151540734487126,0.9128421052631579,0.9139966273187184,2375.0
accuracy,0.9357176618875059,0.9357176618875059,0.9357176618875059,0.9357176618875059
macro avg,0.9315589371768449,0.9311189378279536,0.9313379363008686,6347.0
weighted avg,0.93568664591701,0.9357176618875059,0.935701268653869,6347.0
