,precision,recall,f1-score,support
0,0.7664491571506253,0.709718026183283,0.7369934640522876,3972.0
1,0.6873571972581873,0.76,0.7218556288742252,2375.0
2,0.7295986622073578,0.7348829375105272,0.7322312662582865,5937.0
accuracy,0.7316020840117226,0.7316020840117226,0.7316020840117226,0.7316020840117226
macro avg,0.72780167220539,0.7348669878979367,0.7303601197282664,12284.0
weighted avg,0.7333471713786683,0.7316020840117226,0.7317650753473963,12284.0
