,precision,recall,f1-score,support
0,0.6977576785377803,0.7917468462689758,0.7417868589743589,4677.0
1,0.6432681242807825,0.7061052631578948,0.6732236049779206,2375.0
2,0.7479802955665025,0.6393801583291224,0.6894297130403196,5937.0
accuracy,0.7064439140811456,0.7064439140811456,0.7064439140811456,0.7064439140811456
macro avg,0.6963353661283551,0.7124107559186643,0.7014800589975331,12989.0
weighted avg,0.7107501326096222,0.7064439140811456,0.7053189165883451,12989.0
