,precision,recall,f1-score,support
0,0.6796792572272632,0.8109264853977844,0.7395247388359545,3972.0
1,0.7087087087087087,0.6955789473684211,0.7020824479388016,2375.0
2,0.7525891829689298,0.6609398686205155,0.7037933817594836,5937.0
accuracy,0.7161348095083034,0.7161348095083034,0.7161348095083034,0.7161348095083034
macro avg,0.7136590496349672,0.7224817671289069,0.7151335228447465,12284.0
weighted avg,0.7205300530915345,0.7161348095083034,0.7150162311964441,12284.0
