,precision,recall,f1-score,support
0,0.7462382045396583,0.7366565961732124,0.7414164449512226,3972.0
1,0.7182175622542595,0.6922105263157895,0.7049742710120068,2375.0
2,0.7209417188014487,0.7375779012969513,0.7291649321455334,5937.0
accuracy,0.7285086291110388,0.7285086291110388,0.7285086291110388,0.7285086291110388
macro avg,0.7284658285317889,0.7221483412619844,0.7251852160362543,12284.0
weighted avg,0.7285945818389442,0.7285086291110388,0.7284493825421527,12284.0
