,precision,recall,f1-score,support
0,0.6986964618249535,0.8022236476373744,0.7468896187916791,4677.0
1,0.6344011142061281,0.7671578947368421,0.6944920907185058,2375.0
2,0.7613229408047187,0.608724945258548,0.6765256458255334,5937.0
accuracy,0.7073677727307722,0.7073677727307722,0.7073677727307722,0.7073677727307722
macro avg,0.6981401722786001,0.7260354958775882,0.7059691184452395,12989.0
weighted avg,0.7155655014052258,0.7073677727307722,0.7051469875903708,12989.0
