,precision,recall,f1-score,support
0,0.7102803738317757,0.8227593152064451,0.7623935611804501,3972.0
1,0.6778970751573491,0.7709473684210526,0.7214342001576044,2375.0
2,0.7727820152549177,0.6484756611083039,0.7051927832219069,5937.0
accuracy,0.7285086291110388,0.7285086291110388,0.7285086291110388,0.7285086291110388
macro avg,0.7203198214146808,0.747394114911934,0.7296735148533205,12284.0
weighted avg,0.7342271265814851,0.7285086291110388,0.7268286392357147,12284.0
