,precision,recall,f1-score,support
0,0.7298338062423997,0.769937994440881,0.74934970346478,4677.0
1,0.6227891156462585,0.7709473684210526,0.6889934148635936,2375.0
2,0.7526881720430108,0.6484756611083039,0.6967064784654362,5937.0
accuracy,0.7146046654861806,0.7146046654861806,0.7146046654861806,0.7146046654861806
macro avg,0.7017703646438896,0.7297870079900792,0.7116831989312699,12989.0
weighted avg,0.7207072552833107,0.7146046654861806,0.7142516195284553,12989.0
