,precision,recall,f1-score,support
0,0.9389201075006108,0.9675226586102719,0.9530068195908246,3972.0
1,0.9427684117125111,0.8947368421052632,0.9181248649816375,2375.0
accuracy,0.9402867496455019,0.9402867496455019,0.9402867496455019,0.9402867496455019
macro avg,0.9408442596065609,0.9311297503577676,0.935565842286231,6347.0
weighted avg,0.9403601141972019,0.9402867496455019,0.9399542526778232,6347.0
