,precision,recall,f1-score,support
0,0.9477497255762898,0.9230275817831943,0.9352253032928943,4677.0
1,0.855826992390869,0.8997894736842105,0.8772577996715927,2375.0
accuracy,0.9152013613159388,0.9152013613159388,0.9152013613159388,0.9152013613159388
macro avg,0.9017883589835793,0.9114085277337024,0.9062415514822435,7052.0
weighted avg,0.9167916298140415,0.9152013613159388,0.915702781866265,7052.0
