,precision,recall,f1-score,support
0,0.9299807507218479,0.9730614300100705,0.9510334645669292,3972.0
1,0.9511638521223186,0.8774736842105263,0.9128339903635567,2375.0
accuracy,0.9372932093902632,0.9372932093902632,0.9372932093902632,0.9372932093902632
macro avg,0.9405723014220833,0.9252675571102984,0.931933727465243,6347.0
weighted avg,0.9379073090684868,0.9372932093902632,0.9367395065973357,6347.0
