,precision,recall,f1-score,support
0,0.9466724474311727,0.9337181954244174,0.9401506996770721,4677.0
1,0.8728987289872898,0.8964210526315789,0.8845035313668468,2375.0
accuracy,0.9211571185479297,0.9211571185479297,0.9211571185479297,0.9211571185479297
macro avg,0.9097855882092313,0.9150696240279981,0.9123271155219594,7052.0
weighted avg,0.9218266474731152,0.9211571185479297,0.9214096298051514,7052.0
