,precision,recall,f1-score,support
0,0.9669553327256153,0.9072054735941844,0.9361279646993933,4677.0
1,0.8370870870870871,0.9389473684210526,0.8850962492558047,2375.0
accuracy,0.9178956324446965,0.9178956324446965,0.9178956324446965,0.9178956324446965
macro avg,0.9020212099063512,0.9230764210076186,0.910612106977599,7052.0
weighted avg,0.9232177996298262,0.9178956324446965,0.9189413050030628,7052.0
